titulo,meters,price,bathrooms,category,link,municipality,operation,owner,rooms
"Piso de dos habitaciones sexta planta, Agra do Orzán-O Ventorillo, A Coruña",74 m²,€ 227.000,1 baño,Piso,https://www.indomio.es/anuncios/95804553/,A Coruña,Venta,Best House Guanarteme,3
"Piso Vendita, A Coruña",desc,€ 74.000,1 baño,Piso,https://www.indomio.es/anuncios/95501577/,A Coruña,Venta,Inmobiliaria Pardo,1
"Piso de dos habitaciones Rúa Monte das Moas 14, Os Castros-Castrillón-Monelos, A Coruña",86 m² ,€ 130.000,1 baño,Piso ,https://www.indomio.es/anuncios/95756561/,A Coruña,Venta,,5
"Piso de tres habitaciones Monelos, Eirís-As Xubias-Pasaxe, A Coruña",100 m²,€ 270.000,2 baños,Piso,https://www.indomio.es/anuncios/95446815/,A Coruña,Venta,Inmoforum,5
"Casa unifamiliar da regueira, Eirís-As Xubias-Pasaxe, A Coruña",250 m² ,€ 385.000,2 baños,Casa unifamiliar,https://www.indomio.es/anuncios/95687417/,A Coruña,Venta,Inmoforum,7
"Piso de tres habitaciones Rúa Manuel Piñeiro Pose 2, Catro Camiños-A Gaiteira, A Coruña",107 m²,€ 240.000,2 baños,Piso ,https://www.indomio.es/anuncios/81641642/,A Coruña,Venta,Asesoría Díaz,5
Edificio en Venta,1 m²,€ 1.000.000,desc,Edificio,https://www.indomio.es/anuncios/95604685/,A Coruña,Venta,Fogar servicios inmobiliarios,0
"Piso de dos habitaciones séptima planta, Sagrada Familia-Vioño, A Coruña",70 m²,€ 265.000,2 baños,Piso,https://www.indomio.es/anuncios/95778333/,A Coruña,Venta,Urbeko Inmobiliaria,4
Edificio en Venta,172 m²,€ 300.000,desc,Edificio,https://www.indomio.es/anuncios/94895757/,A Coruña,Venta,Inmoarch,0
"Piso de dos habitaciones nuevo, Os Castros-Castrillón-Monelos, A Coruña",118 m²,€ 354.500,2 baños,Piso,https://www.indomio.es/anuncios/95892001/,A Coruña,Venta,,4
"Piso de tres habitaciones segunda planta, Agra do Orzán-O Ventorillo, A Coruña",121 m²,€ 575.000,2 baños,Piso,https://www.indomio.es/anuncios/95893765/,A Coruña,Venta,Best House Guanarteme,5
"Piso de tres habitaciones Praza Maestro Mateo, Ensanche, A Coruña",140 m²,€ 410.000,2 baños,Piso,https://www.indomio.es/anuncios/95604905/,A Coruña,Venta,Fogar servicios inmobiliarios,5
"Piso de dos habitaciones Calle Manuel Murguía, Cidade Xardín-Cidade Escolar, A Coruña",83 m²,€ 222.000,desc,Piso,https://www.indomio.es/anuncios/93260971/,A Coruña,Venta,ALTERNATIVA FINANCIERA,2
"Casa rústica, a reformar, A Coruña",desc,€ 40.000,desc,Casa rústica,https://www.indomio.es/anuncios/92402663/,A Coruña,Venta,Inmobiliaria Pardo,0
"Piso de tres habitaciones Ronda de Outeiro, Sagrada Familia-Vioño, A Coruña",89 m²,€ 230.000,2 baños,Piso,https://www.indomio.es/anuncios/94888261/,A Coruña,Venta,Inmoforum,5
"Casa unifamiliar 3 habitaciones, A Coruña",108 m²,€ 195.000,2 baños,Casa unifamiliar,https://www.indomio.es/anuncios/95281941/,A Coruña,Venta,Inmobiliaria Pardo,5
"Piso de cuatro habitaciones segunda planta, Eirís-As Xubias-Pasaxe, A Coruña",187 m²,€ 350.000,3 baños,Piso,https://www.indomio.es/anuncios/95995077/,A Coruña,Venta,Best House Guanarteme,7
"Piso de tres habitaciones muy buen estado, A Coruña",108 m²,€ 135.000,2 baños,Piso,https://www.indomio.es/anuncios/95959747/,A Coruña,Venta,Grupo Beiramar,5
"Piso Paramo, Agra do Orzán-O Ventorillo, A Coruña",176 m²,€ 105.000,desc,Piso,https://www.indomio.es/anuncios/95862175/,A Coruña,Venta,Inmoforum,0
"Piso de tres habitaciones 102 m², A Coruña",102 m²,€ 185.000,2 baños,Piso,https://www.indomio.es/anuncios/94333385/,A Coruña,Venta,Gestión Inmobiliaria Artemisa,5
"Piso de tres habitaciones De Oza, Catro Camiños-A Gaiteira, A Coruña",105 m²,€ 155.000,2 baños,Piso,https://www.indomio.es/anuncios/95161261/,A Coruña,Venta,Housell,5
"Piso de dos habitaciones maria aller, Agra do Orzán-O Ventorillo, A Coruña",78 m²,€ 189.000,1 baño,Piso,https://www.indomio.es/anuncios/94528103/,A Coruña,Venta,,3
"Piso de cuatro habitaciones Calle Barcelona, Agra do Orzán-O Ventorillo, A Coruña",127 m²,€ 275.000,2 baños,Piso,https://www.indomio.es/anuncios/94971995/,A Coruña,Venta,Inmobiliaria Los Puentes,6
"Piso de tres habitaciones cuarta planta, Os Mallos-A Falperra, A Coruña",135 m²,€ 245.000,2 baños,Piso,https://www.indomio.es/anuncios/95860915/,A Coruña,Venta,Urbeko Inmobiliaria,5
"Casa unifamiliar, a reformar, A Coruña",204 m²,€ 40.000,desc,Casa unifamiliar,https://www.indomio.es/anuncios/92544771/,A Coruña,Venta,Gestión Inmobiliaria Artemisa,0
"Piso de tres habitaciones Circunvalación, Monte Alto-Adormideras, A Coruña",111 m²,€ 243.000,2 baños,Piso,https://www.indomio.es/anuncios/95752781/,A Coruña,Venta,,5
"Piso de dos habitaciones Avenida de los Mallos 68, Os Mallos-A Falperra, A Coruña",93 m²,€ 159.000,2 baños,Piso,https://www.indomio.es/anuncios/95850299/,A Coruña,Venta,Inmoforum,4
"Piso de tres habitaciones buen estado, Agra do Orzán-O Ventorillo, A Coruña",87 m²,€ 180.000,2 baños,Piso ,https://www.indomio.es/anuncios/95798893/,A Coruña,Venta,INMOBILIARIA CENTRO,5
"Piso de tres habitaciones Lonzas, Elviña-Barrio Flores-Matogrande-Someso, A Coruña",60 m²,€ 130.000,1 baño,Piso,https://www.indomio.es/anuncios/95410301/,A Coruña,Venta,,4
"Casa unifamiliar 12 habitaciones, A Coruña",760 m²,€ 680.000,3 baños,Casa unifamiliar,https://www.indomio.es/anuncios/82154983/,A Coruña,Venta,Norz Grupo Inmobiliario,15
"Casa unifamiliar 6 habitaciones, A Coruña",295 m²,€ 465.000,3+ baños,Casa unifamiliar,https://www.indomio.es/anuncios/94182719/,A Coruña,Venta,Gestión Inmobiliaria Artemisa,7
Edificio en Venta,372 m²,€ 530.000,desc,Edificio,https://www.indomio.es/anuncios/95169983/,A Coruña,Venta,Inmobiliaria Los Puentes,0
"Piso de tres habitaciones Carretera De Circunvalación S/N, Monte Alto-Adormideras, A Coruña",88 m²,€ 243.000,2 baños,Piso,https://www.indomio.es/anuncios/94971979/,A Coruña,Venta,Inmobiliaria Los Puentes,5
"Piso de dos habitaciones Rubine, Ensanche, A Coruña",59 m²,€ 319.500,desc,Piso,https://www.indomio.es/anuncios/94862073/,A Coruña,Venta,Proyectos Integrales Norte SL,2
"Piso de cuatro habitaciones Calle San Vicente, Os Mallos-A Falperra, A Coruña",109 m²,€ 215.000,2 baños,Piso,https://www.indomio.es/anuncios/95488223/,A Coruña,Venta,Redivari,6
"Piso Plaza de Pontevedra, Ensanche, A Coruña",137 m²,€ 490.000,3 baños,Piso,https://www.indomio.es/anuncios/95398627/,A Coruña,Venta,Inmoforum,8
"Piso de cuatro habitaciones Lugar Loureiro, Labañou-Os Rosales, A Coruña",105 m²,€ 175.000,desc,Piso,https://www.indomio.es/anuncios/94814401/,A Coruña,Venta,Proyectos Integrales Norte SL,4
"Estudio Avenida De Linares Rivas, Ensanche, A Coruña",255 m²,€ 550.000,desc,Piso,https://www.indomio.es/anuncios/95604775/,A Coruña,Venta,Fogar servicios inmobiliarios,0
"Chalet 3 habitaciones, muy buen estado, Elviña-Barrio Flores-Matogrande-Someso, A Coruña",202 m²,€ 310.000,2 baños,Chalet,https://www.indomio.es/anuncios/95668295/,A Coruña,Venta,Atico Servicios Inmobiliarios,5
Edificio en Venta,251 m²,€ 280.333,desc,Edificio,https://www.indomio.es/anuncios/95955591/,A Coruña,Venta,,0
"Casa rústica Venta, A Coruña",desc,€ 95.000,2 baños,Casa rústica,https://www.indomio.es/anuncios/95756425/,A Coruña,Venta,Expertia  Inmobiliaria,5
Edificio en Venta,1.045 m²,€ 720.000,desc,Edificio,https://www.indomio.es/anuncios/93256955/,A Coruña,Venta,INMOBILIARIA CENTRO,0
"Chalet Polvorín, Monte Alto-Adormideras, A Coruña",212 m²,€ 270.000,2 baños,Chalet,https://www.indomio.es/anuncios/94286589/,A Coruña,Venta,,5
"Piso de cuatro habitaciones muy buen estado, cuarta planta, Ensanche, A Coruña",192 m²,€ 600.000,desc,Piso ,https://www.indomio.es/anuncios/93470717/,A Coruña,Venta,Asesoría Díaz,4
"Piso de tres habitaciones Lugar De Someso, Elviña-Barrio Flores-Matogrande-Someso, A Coruña",107 m²,€ 121.900,1 baño,Piso,https://www.indomio.es/anuncios/94605699/,A Coruña,Venta,Aliseda Inmobiliaria,4
"Piso de cuatro habitaciones Barrio Ensanche, Catro Camiños-A Gaiteira, A Coruña",203 m²,€ 595.000,3+ baños,Piso,https://www.indomio.es/anuncios/94170515/,A Coruña,Venta,Centro Inmobiliaria A Coruña,5
"Piso de tres habitaciones quinta planta, Os Mallos-A Falperra, A Coruña",110 m²,€ 245.000,3 baños,Piso,https://www.indomio.es/anuncios/95304459/,A Coruña,Venta,Urbeko Inmobiliaria,6
"Piso de dos habitaciones Ronda De Outeiro, Labañou-Os Rosales, A Coruña",50 m²,€ 90.000,desc,Piso,https://www.indomio.es/anuncios/95328817/,A Coruña,Venta,Inmobiliaria Los Puentes,2
"Piso de cuatro habitaciones San Andrés, Cidade Vella-Atochas-Pescadería, A Coruña",159 m²,€ 480.000,2 baños,Piso,https://www.indomio.es/anuncios/93861969/,A Coruña,Venta,Versalles Servicios Inmobiliarios,6
"Piso de dos habitaciones 77 m², A Coruña",77 m²,€ 43.000,1 baño,Piso,https://www.indomio.es/anuncios/95501109/,A Coruña,Venta,Inmobiliaria Pardo,3
"Piso de tres habitaciones Avenida Habana, Cidade Xardín-Cidade Escolar, A Coruña",101 m²,€ 390.000,2 baños,Piso,https://www.indomio.es/anuncios/95858467/,A Coruña,Venta,Asinmo Asesoria - Inmobiliaria,5
"Piso de dos habitaciones Antonio Pereira, Sagrada Familia-Vioño, A Coruña",51 m²,€ 130.000,1 baño,Piso,https://www.indomio.es/anuncios/95956855/,A Coruña,Venta,Otero Ramos,3
"Piso de dos habitaciones Lugar Palavea, Eirís-As Xubias-Pasaxe, A Coruña",52 m²,€ 98.000,desc,Piso,https://www.indomio.es/anuncios/95325445/,A Coruña,Venta,ALTERNATIVA FINANCIERA,2
"Casa unifamiliar 6 habitaciones, a reformar, A Coruña",190 m²,€ 125.000,2 baños,Casa unifamiliar,https://www.indomio.es/anuncios/95105375/,A Coruña,Venta,Housefulness,8
"Piso de tres habitaciones Calle Rianxo, Catro Camiños-A Gaiteira, A Coruña",90 m²,€ 185.000,desc,Piso,https://www.indomio.es/anuncios/94972005/,A Coruña,Venta,Inmobiliaria Los Puentes,3
"Piso de tres habitaciones Estrecha San Andrés 9, Cidade Vella-Atochas-Pescadería, A Coruña",129 m²,€ 490.000,3 baños,Piso,https://www.indomio.es/anuncios/94504959/,A Coruña,Venta,LOSADA&CO,6
"Chalet ultramar, Labañou-Os Rosales, A Coruña",116 m²,€ 210.000,1 baño,Chalet,https://www.indomio.es/anuncios/94289625/,A Coruña,Venta,,3
"Piso de cuatro habitaciones Federico Tapia, Ensanche, A Coruña",133 m²,€ 470.000,3 baños,Piso,https://www.indomio.es/anuncios/95260783/,A Coruña,Venta,,7
"Casa adosada 1 habitaciones, a reformar, A Coruña",79 m²,€ 55.000,1 baño,Casa adosada,https://www.indomio.es/anuncios/95569135/,A Coruña,Venta,Inmobiliaria Pardo,2
"Piso de dos habitaciones nuevo, Elviña-Barrio Flores-Matogrande-Someso, A Coruña",96 m²,€ 210.000,2 baños,Piso,https://www.indomio.es/anuncios/95568025/,A Coruña,Venta,,4
"Piso de dos habitaciones Estrecha de San Andrés 9, Cidade Vella-Atochas-Pescadería, A Coruña",97 m²,€ 382.000,2 baños,Piso,https://www.indomio.es/anuncios/95434855/,A Coruña,Venta,LOSADA&CO,4
"Piso de dos habitaciones nuevo, Elviña-Barrio Flores-Matogrande-Someso, A Coruña",95 m²,€ 210.000,1 baño,Piso,https://www.indomio.es/anuncios/95568027/,A Coruña,Venta,,3
"Piso de una habitación Tui, Cidade Vella-Atochas-Pescadería, A Coruña",51 m²,€ 185.000,1 baño,Piso,https://www.indomio.es/anuncios/95514851/,A Coruña,Venta,,2
"Piso de tres habitaciones Teixeira de Pascoaes, Agra do Orzán-O Ventorillo, A Coruña",90 m²,€ 175.000,1 baño,Piso,https://www.indomio.es/anuncios/94406141/,A Coruña,Venta,BRIGANTIA REAL ESTATE,4
"Piso nuevo, A Coruña",9.300 m²,€ 2.840.000,desc,Piso,https://www.indomio.es/anuncios/94881389/,A Coruña,Venta,Grupo Beiramar,0
"Piso de dos habitaciones Carretera Fuertes A Monte San Pedro, 2, Labañou-Os Rosales, A Coruña",89 m²,€ 265.000,desc,Piso,https://www.indomio.es/anuncios/94818525/,A Coruña,Venta,Wengué,2
"Piso de dos habitaciones buen estado, Os Mallos-A Falperra, A Coruña",84 m²,€ 135.000,1 baño,Piso ,https://www.indomio.es/anuncios/95606929/,A Coruña,Venta,INMOBILIARIA CENTRO,3
"Piso de tres habitaciones Calle Devesos, Agra do Orzán-O Ventorillo, A Coruña",79 m²,€ 110.000,2 baños,Piso,https://www.indomio.es/anuncios/95858465/,A Coruña,Venta,Asinmo Asesoria - Inmobiliaria,5
"Piso de cuatro habitaciones séptima planta, Catro Camiños-A Gaiteira, A Coruña",101 m²,€ 299.000,2 baños,Piso,https://www.indomio.es/anuncios/94421253/,A Coruña,Venta,Urbeko Inmobiliaria,6
"Casa unifamiliar 5 habitaciones, muy buen estado, A Coruña",366 m²,€ 395.000,3 baños,Casa unifamiliar,https://www.indomio.es/anuncios/89729551/,A Coruña,Venta,Gestión Inmobiliaria Artemisa,8
"Casa adosada 3 habitaciones, A Coruña",100 m²,€ 210.000,2 baños,Casa adosada,https://www.indomio.es/anuncios/95040627/,A Coruña,Venta,Inmobiliaria Pardo,5
"Piso de dos habitaciones Avenida Rubine S/N, Ensanche, A Coruña",59 m²,€ 319.500,desc,Piso,https://www.indomio.es/anuncios/94971983/,A Coruña,Venta,Inmobiliaria Los Puentes,2
"Piso de tres habitaciones Calle Aurelio Aguirre Galarraga, Elviña-Barrio Flores-Matogrande-Someso, A Coruña",90 m²,€ 295.000,2 baños,Piso,https://www.indomio.es/anuncios/95126115/,A Coruña,Venta,Centro Inmobiliaria A Coruña,5
"Ático nuevo, 163 m², Cidade Xardín-Cidade Escolar, A Coruña",163 m²,€ 1.100.000,2 baños,Ático,https://www.indomio.es/anuncios/94271537/,A Coruña,Venta,,6
"Piso de tres habitaciones Julio Rodríguez Yordi, Cidade Xardín-Cidade Escolar, A Coruña",91 m²,€ 298.000,2 baños,Piso,https://www.indomio.es/anuncios/95445055/,A Coruña,Venta,,5
"Piso de cuatro habitaciones nuevo, Cidade Xardín-Cidade Escolar, A Coruña",165 m²,€ 677.000,2 baños,Piso,https://www.indomio.es/anuncios/95256631/,A Coruña,Venta,,6
"Piso de cuatro habitaciones tercera planta, Catro Camiños-A Gaiteira, A Coruña",139 m²,€ 349.000,2 baños,Piso,https://www.indomio.es/anuncios/95961745/,A Coruña,Venta,BRIGANTIA REAL ESTATE,6
"Piso de tres habitaciones Rúa Juan Castro Mosquera, Os Mallos-A Falperra, A Coruña",101 m²,€ 225.000,2 baños,Piso,https://www.indomio.es/anuncios/95578377/,A Coruña,Venta,INMOTK,5
"Piso de una habitación Federico Tapia, Ensanche, A Coruña",177 m²,€ 270.000,2 baños,Piso,https://www.indomio.es/anuncios/94285943/,A Coruña,Venta,,3
"Piso de dos habitaciones de Arteixo, Os Mallos-A Falperra, A Coruña",70 m²,€ 230.000,1 baño,Piso,https://www.indomio.es/anuncios/95811359/,A Coruña,Venta,,3
"Casa unifamiliar 5 habitaciones, a reformar, A Coruña",176 m²,€ 99.900,1 baño,Casa unifamiliar,https://www.indomio.es/anuncios/95616293/,A Coruña,Venta,Inmobiliaria Pardo,6
"Piso de una habitación Rúa Fanny Garrido, Agra do Orzán-O Ventorillo, A Coruña",80 m²,€ 153.000,2 baños,Piso,https://www.indomio.es/anuncios/95947783/,A Coruña,Venta,Pisos Coruña,3
"Piso de tres habitaciones sexta planta, Os Castros-Castrillón-Monelos, A Coruña",100 m²,€ 350.000,2 baños,Piso,https://www.indomio.es/anuncios/92173529/,A Coruña,Venta,Urbeko Inmobiliaria,5
"Piso de una habitación nuevo, Cidade Xardín-Cidade Escolar, A Coruña",68 m²,€ 272.000,1 baño,Piso,https://www.indomio.es/anuncios/95617717/,A Coruña,Venta,,2
"Piso de dos habitaciones Ronda De Outeiro, Sagrada Familia-Vioño, A Coruña",78 m²,€ 160.000,desc,Piso,https://www.indomio.es/anuncios/95769955/,A Coruña,Venta,Inmobiliaria Los Puentes,2
Edificio en Venta,173 m²,€ 500.000,desc,Edificio,https://www.indomio.es/anuncios/92535301/,A Coruña,Venta,Proyectos Integrales Norte SL,0
"Piso de cuatro habitaciones Juan Florez, Ensanche, A Coruña",139 m²,€ 298.000,2 baños,Piso,https://www.indomio.es/anuncios/92877253/,A Coruña,Venta,Inmoforum,6
"Piso de cuatro habitaciones Avenida Alcalde Alfonso Molina, Ensanche, A Coruña",210 m²,€ 650.000,3+ baños,Piso,https://www.indomio.es/anuncios/92908055/,A Coruña,Venta,Housfy,5
"Piso de tres habitaciones Rúa Ramón Menéndez Pidal, Os Mallos-A Falperra, A Coruña",87 m²,€ 179.000,1 baño,Piso ,https://www.indomio.es/anuncios/92422379/,A Coruña,Venta,,5
"Piso de dos habitaciones Adelaida Muro, Monte Alto-Adormideras, A Coruña",66 m²,€ 190.000,1 baño,Piso,https://www.indomio.es/anuncios/94871073/,A Coruña,Venta,Inmoforum,3
"Piso de tres habitaciones nuevo, Os Castros-Castrillón-Monelos, A Coruña",163 m²,€ 479.500,2 baños,Piso,https://www.indomio.es/anuncios/95984213/,A Coruña,Venta,,5
"Piso de dos habitaciones Calle Nuestra Señora De La Luz, Sagrada Familia-Vioño, A Coruña",53 m²,€ 135.000,desc,Piso,https://www.indomio.es/anuncios/95069447/,A Coruña,Venta,ALTERNATIVA FINANCIERA,2
"Casa unifamiliar 5 habitaciones, a reformar, A Coruña",142 m²,€ 80.000,1 baño,Casa unifamiliar,https://www.indomio.es/anuncios/95756421/,A Coruña,Venta,Inmobiliaria Pardo,6
"Piso de tres habitaciones Calle Santa Lucia, Catro Camiños-A Gaiteira, A Coruña",100 m²,€ 310.000,2 baños,Piso,https://www.indomio.es/anuncios/95462657/,A Coruña,Venta,Oppidum Real Estate Services,5
"Piso de dos habitaciones Riazor - Los Rosales, Cidade Xardín-Cidade Escolar, A Coruña",83 m²,€ 222.000,desc,Piso,https://www.indomio.es/anuncios/93272805/,A Coruña,Venta,Centro Inmobiliaria A Coruña,2
"Piso de tres habitaciones do Socorro, Cidade Vella-Atochas-Pescadería, A Coruña",101 m²,€ 265.000,1 baño,Piso,https://www.indomio.es/anuncios/95955583/,A Coruña,Venta,,4
"Piso Ronda Nelle, Agra do Orzán-O Ventorillo, A Coruña",140 m²,€ 202.500,desc,Piso,https://www.indomio.es/anuncios/94961267/,A Coruña,Venta,Aliseda Inmobiliaria,0
"Piso de dos habitaciones San Andrés, Cidade Vella-Atochas-Pescadería, A Coruña",65 m²,€ 275.000,1 baño,Piso,https://www.indomio.es/anuncios/95893079/,A Coruña,Venta,,3
"Piso de dos habitaciones Calle Aurelio Aguirre Galarraga, Elviña-Barrio Flores-Matogrande-Someso, A Coruña",95 m²,€ 210.000,2 baños,Piso,https://www.indomio.es/anuncios/95072815/,A Coruña,Venta,Centro Inmobiliaria A Coruña,4
"Piso de tres habitaciones Rúa Buenavista, Os Castros-Castrillón-Monelos, A Coruña",110 m²,€ 199.000,2 baños,Piso,https://www.indomio.es/anuncios/95187973/,A Coruña,Venta,Housell,5
"Piso Lugo 11, Ensanche, A Coruña",171 m²,€ 650.000,2 baños,Piso,https://www.indomio.es/anuncios/95945321/,A Coruña,Venta,Versalles Servicios Inmobiliarios,7
"Piso de cuatro habitaciones buen estado, Os Mallos-A Falperra, A Coruña",110 m²,€ 215.000,2 baños,Piso ,https://www.indomio.es/anuncios/95591175/,A Coruña,Venta,Inmobiliaria Solis,6
"Chalet 340 habitaciones, muy buen estado, Mesoiro-Feáns-Zapateira, A Coruña",419 m²,€ 800.000,3+ baños,Chalet,https://www.indomio.es/anuncios/95863895/,A Coruña,Venta,PROMOVE GALICIA,341
"Piso Rúa Juan Florez, Ensanche, A Coruña",138 m²,€ 300.000,2 baños,Piso,https://www.indomio.es/anuncios/95604813/,A Coruña,Venta,Fogar servicios inmobiliarios,7
"Piso de cuatro habitaciones 193 m², A Coruña",193 m²,€ 250.000,2 baños,Piso,https://www.indomio.es/anuncios/95432497/,A Coruña,Venta,Inmobiliaria Pardo,6
"Piso de una habitación Lonzas, Elviña-Barrio Flores-Matogrande-Someso, A Coruña",65 m²,€ 135.000,desc,Piso,https://www.indomio.es/anuncios/95858451/,A Coruña,Venta,Asinmo Asesoria - Inmobiliaria,1
"Piso de tres habitaciones Calle Pedroso, Os Mallos-A Falperra, A Coruña",76 m²,€ 145.000,desc,Piso,https://www.indomio.es/anuncios/95929297/,A Coruña,Venta,Antares Inmobiliaria,3
"Piso de cuatro habitaciones Rúa Barcelona, Agra do Orzán-O Ventorillo, A Coruña",110 m²,€ 275.000,2 baños,Piso,https://www.indomio.es/anuncios/95605121/,A Coruña,Venta,Fogar servicios inmobiliarios,6
"Piso de cuatro habitaciones Rúa Villa de Negreira, Agra do Orzán-O Ventorillo, A Coruña",109 m²,€ 189.000,2 baños,Piso,https://www.indomio.es/anuncios/95271785/,A Coruña,Venta,Housell,6
"Piso Vendita, A Coruña",desc,€ 99.900,desc,Piso,https://www.indomio.es/anuncios/95997347/,A Coruña,Venta,Inmobiliaria Pardo,0
"Piso de una habitación Linares Rivas, Ensanche, A Coruña",43 m²,€ 165.000,1 baño,Piso,https://www.indomio.es/anuncios/95288199/,A Coruña,Venta,Versalles Servicios Inmobiliarios,2
"Piso de tres habitaciones Manuel Azaña, Labañou-Os Rosales, A Coruña",90 m²,€ 305.000,2 baños,Piso,https://www.indomio.es/anuncios/95476745/,A Coruña,Venta,,5
"Piso de una habitación 49 m², A Coruña",49 m²,€ 80.000,1 baño,Piso,https://www.indomio.es/anuncios/95778691/,A Coruña,Venta,Inmobiliaria Pardo,2
"Piso de dos habitaciones Baldaio 7, Os Mallos-A Falperra, A Coruña",55 m²,€ 205.000,1 baño,Piso,https://www.indomio.es/anuncios/93750411/,A Coruña,Venta,BRIGANTIA REAL ESTATE,3
"Piso de cuatro habitaciones Vila De Ordes, Os Castros-Castrillón-Monelos, A Coruña",85 m²,€ 85.000,1 baño,Piso,https://www.indomio.es/anuncios/93720701/,A Coruña,Venta,Inmoforum,5
"Piso de tres habitaciones buen estado, Elviña-Barrio Flores-Matogrande-Someso, A Coruña",90 m²,€ 295.000,2 baños,Piso ,https://www.indomio.es/anuncios/95068589/,A Coruña,Venta,INMOBILIARIA CENTRO,5
"Piso de una habitación nuevo, Os Castros-Castrillón-Monelos, A Coruña",85 m²,€ 256.500,1 baño,Piso,https://www.indomio.es/anuncios/95526579/,A Coruña,Venta,,2
"Ático Calle Blanco White, 4, Elviña-Barrio Flores-Matogrande-Someso, A Coruña",55 m²,€ 145.000,desc,Ático,https://www.indomio.es/anuncios/95741577/,A Coruña,Venta,PISO 123.COM,1
"Piso de dos habitaciones primera planta, Elviña-Barrio Flores-Matogrande-Someso, A Coruña",70 m²,€ 275.000,2 baños,Piso,https://www.indomio.es/anuncios/95898973/,A Coruña,Venta,Urbeko Inmobiliaria,4
"Piso de cuatro habitaciones Chile, Catro Camiños-A Gaiteira, A Coruña",165 m²,€ 237.000,3 baños,Piso,https://www.indomio.es/anuncios/94286513/,A Coruña,Venta,,7
"Piso de dos habitaciones Avenida De Oza, Os Castros-Castrillón-Monelos, A Coruña",105 m²,€ 215.000,2 baños,Piso,https://www.indomio.es/anuncios/95010453/,A Coruña,Venta,Centro Inmobiliaria A Coruña,4
"Piso de dos habitaciones Grupo Viviendas María Pita, Labañou-Os Rosales, A Coruña",52 m²,€ 137.000,1 baño,Piso,https://www.indomio.es/anuncios/95913705/,A Coruña,Venta,,3
"Casa adosada Jubias Arriba Villa Lucas, Eirís-As Xubias-Pasaxe, A Coruña",495 m²,€ 625.000,3+ baños,Casa adosada,https://www.indomio.es/anuncios/95233581/,A Coruña,Venta,Versalles Servicios Inmobiliarios,6
"Piso de tres habitaciones Rúa Salgado Somoza, Cidade Vella-Atochas-Pescadería, A Coruña",111 m²,€ 420.000,2 baños,Piso,https://www.indomio.es/anuncios/95744805/,A Coruña,Venta,INMOTK,5
"Piso de tres habitaciones muy buen estado, A Coruña",90 m²,€ 60.000,1 baño,Piso,https://www.indomio.es/anuncios/95997331/,A Coruña,Venta,Gestión Inmobiliaria Artemisa,4
"Piso Calle Dolores Rodríguez Sopeña, Sagrada Familia-Vioño, A Coruña",306 m²,€ 625.000,3+ baños,Piso,https://www.indomio.es/anuncios/95334393/,A Coruña,Venta,Medusa Properties,7
"Piso de dos habitaciones Calle Nuestra Señora De La Luz, Sagrada Familia-Vioño, A Coruña",60 m²,€ 134.550,1 baño,Piso,https://www.indomio.es/anuncios/95445515/,A Coruña,Venta,Aliseda Inmobiliaria,3
"Piso de cuatro habitaciones Barrio Ensanche, Ensanche, A Coruña",237 m²,€ 530.000,3 baños,Piso,https://www.indomio.es/anuncios/95373875/,A Coruña,Venta,Centro Inmobiliaria A Coruña,7
"Piso de tres habitaciones 85 m², A Coruña",85 m²,€ 65.000,1 baño,Piso,https://www.indomio.es/anuncios/95585437/,A Coruña,Venta,Gestión Inmobiliaria Artemisa,4
"Casa unifamiliar 2 habitaciones, A Coruña",82 m²,€ 260.000,1 baño,Casa unifamiliar,https://www.indomio.es/anuncios/95662257/,A Coruña,Venta,Expertia  Inmobiliaria,3
"Piso de una habitación Fisterra, Agra do Orzán-O Ventorillo, A Coruña",53 m²,€ 95.000,1 baño,Piso,https://www.indomio.es/anuncios/89337257/,A Coruña,Venta,Inmoforum,2
"Ático nuevo, 183 m², Cidade Xardín-Cidade Escolar, A Coruña",183 m²,€ 1.121.000,2 baños,Ático,https://www.indomio.es/anuncios/94271575/,A Coruña,Venta,,6
"Piso de tres habitaciones nuevo, Cidade Xardín-Cidade Escolar, A Coruña",125 m²,€ 476.000,2 baños,Piso,https://www.indomio.es/anuncios/95984185/,A Coruña,Venta,,5
"Casa pareada Rúa Río Allones 3, Sagrada Familia-Vioño, A Coruña",232 m²,€ 265.000,1 baño,Casa pareada ,https://www.indomio.es/anuncios/94427353/,A Coruña,Venta,,4
"Piso de dos habitaciones Agra Del Orzán, Agra do Orzán-O Ventorillo, A Coruña",102 m²,€ 272.500,2 baños,Piso,https://www.indomio.es/anuncios/95125619/,A Coruña,Venta,Proyectos Integrales Norte SL,4
"Estudio Rúa Ramón De La Sagra, Ensanche, A Coruña",120 m²,€ 425.000,desc,Piso,https://www.indomio.es/anuncios/95605007/,A Coruña,Venta,Fogar servicios inmobiliarios,0
"Dúplex Emilio González López, Labañou-Os Rosales, A Coruña",70 m²,€ 220.000,2 baños,Dúplex,https://www.indomio.es/anuncios/94286241/,A Coruña,Venta,,4
"Chalet Praga, Mesoiro-Feáns-Zapateira, A Coruña",238 m²,€ 370.000,3 baños,Chalet,https://www.indomio.es/anuncios/95140629/,A Coruña,Venta,,9
"Piso de una habitación Alcalde Abad Conde, Labañou-Os Rosales, A Coruña",85 m²,€ 250.000,1 baño,Piso,https://www.indomio.es/anuncios/95344593/,A Coruña,Venta,,2
"Piso de tres habitaciones segunda planta, Agra do Orzán-O Ventorillo, A Coruña",69 m²,,1 baño,Piso,https://www.indomio.es/anuncios/95115239/,A Coruña,Venta,Urbeko Inmobiliaria,4
"Piso Avda De Los Caidos, Os Castros-Castrillón-Monelos, A Coruña",123 m²,€ 152.000,desc,Piso,https://www.indomio.es/anuncios/95844331/,A Coruña,Venta,Aliseda Inmobiliaria,0
"Piso de dos habitaciones nuevo, Cidade Xardín-Cidade Escolar, A Coruña",103 m²,€ 351.000,2 baños,Piso,https://www.indomio.es/anuncios/95984201/,A Coruña,Venta,,4
"Casa adosada, a reformar, A Coruña",124 m²,€ 60.000,desc,Casa adosada,https://www.indomio.es/anuncios/90388685/,A Coruña,Venta,Inmobiliaria Pardo,0
"Dúplex, nueva, 211 m², Cidade Xardín-Cidade Escolar, A Coruña",211 m²,€ 704.000,2 baños,Dúplex,https://www.indomio.es/anuncios/94271527/,A Coruña,Venta,,6
"Piso de dos habitaciones Riego Del Agua, 19, Cidade Vella-Atochas-Pescadería, A Coruña",100 m²,€ 602.060,2 baños,Piso,https://www.indomio.es/anuncios/94904011/,A Coruña,Venta,ALTERNATIVA FINANCIERA,4
"Piso de dos habitaciones Rúa Agra Del Orzán, Agra do Orzán-O Ventorillo, A Coruña",102 m²,€ 279.000,2 baños,Piso,https://www.indomio.es/anuncios/95605053/,A Coruña,Venta,Fogar servicios inmobiliarios,4
"Piso de dos habitaciones Rúa Rosalía de Castro, Ensanche, A Coruña",140 m²,€ 550.000,2 baños,Piso,https://www.indomio.es/anuncios/95940597/,A Coruña,Venta,INMOTK,4
"Casa unifamiliar Filantropia, Cidade Xardín-Cidade Escolar, A Coruña",230 m² ,€ 1.000.000,2 baños,Casa unifamiliar,https://www.indomio.es/anuncios/95708497/,A Coruña,Venta,Otero Ramos,6
"Piso de dos habitaciones Cordelería, Cidade Vella-Atochas-Pescadería, A Coruña",60 m²,€ 216.000,1 baño,Piso,https://www.indomio.es/anuncios/95050755/,A Coruña,Venta,,3
"Piso de tres habitaciones nuevo, Cidade Xardín-Cidade Escolar, A Coruña",122 m²,€ 482.000,2 baños,Piso,https://www.indomio.es/anuncios/95984203/,A Coruña,Venta,,5
"Casa unifamiliar 3 habitaciones, A Coruña",214 m²,€ 77.000,1 baño,Casa unifamiliar,https://www.indomio.es/anuncios/95501113/,A Coruña,Venta,Inmobiliaria Pardo,4
"Piso de tres habitaciones Someso - Matogrande, Elviña-Barrio Flores-Matogrande-Someso, A Coruña",82 m²,€ 121.900,desc,Piso,https://www.indomio.es/anuncios/94353391/,A Coruña,Venta,Centro Inmobiliaria A Coruña,3
"Piso de dos habitaciones Ciudad Vieja - centro, Cidade Vella-Atochas-Pescadería, A Coruña",86 m²,€ 603.000,2 baños,Piso,https://www.indomio.es/anuncios/94907277/,A Coruña,Venta,Centro Inmobiliaria A Coruña,4
"Piso de tres habitaciones Rúa Falperra, Os Mallos-A Falperra, A Coruña",64 m²,€ 140.000,desc,Piso,https://www.indomio.es/anuncios/95668301/,A Coruña,Venta,Atico Servicios Inmobiliarios,3
"Piso de cuatro habitaciones Birloque, Elviña-Barrio Flores-Matogrande-Someso, A Coruña",200 m²,€ 215.000,3 baños,Piso,https://www.indomio.es/anuncios/95050741/,A Coruña,Venta,,7
"Chalet Lugar Loureiro, Labañou-Os Rosales, A Coruña",65 m²,€ 55.000,desc,Chalet,https://www.indomio.es/anuncios/94286045/,A Coruña,Venta,,2
"Piso de dos habitaciones Emilio Gonzalez Lopez 55, Labañou-Os Rosales, A Coruña",69 m²,€ 260.000,2 baños,Piso,https://www.indomio.es/anuncios/95861897/,A Coruña,Venta,Versalles Servicios Inmobiliarios,4
"Piso de tres habitaciones cuarta planta, Eirís-As Xubias-Pasaxe, A Coruña",151 m²,€ 265.000,3 baños,Piso,https://www.indomio.es/anuncios/92665349/,A Coruña,Venta,SC Inmobiliarias,6
"Ático Avenida De Oza, 143, Os Castros-Castrillón-Monelos, A Coruña",56 m²,€ 160.000,desc,Ático,https://www.indomio.es/anuncios/95927319/,A Coruña,Venta,Wengué,2
"Casa unifamiliar, a reformar, A Coruña",160 m²,€ 92.000,desc,Casa unifamiliar,https://www.indomio.es/anuncios/90388761/,A Coruña,Venta,Inmobiliaria Pardo,0
"Piso de tres habitaciones buen estado, Agra do Orzán-O Ventorillo, A Coruña",133 m²,€ 312.300,2 baños,Piso ,https://www.indomio.es/anuncios/95591125/,A Coruña,Venta,INMOBILIARIA CENTRO,5
"Casa unifamiliar 1 habitaciones, Mesoiro-Feáns-Zapateira, A Coruña",290 m²,€ 230.000,1 baño,Casa unifamiliar,https://www.indomio.es/anuncios/95855247/,A Coruña,Venta,Oppidum Real Estate Services,2
"Piso de tres habitaciones Calle Aurelio Aguirre Galarraga, Elviña-Barrio Flores-Matogrande-Someso, A Coruña",90 m²,€ 268.000,2 baños,Piso,https://www.indomio.es/anuncios/94439961/,A Coruña,Venta,Centro Inmobiliaria A Coruña,5
"Piso de una habitación nuevo, Cidade Xardín-Cidade Escolar, A Coruña",86 m²,€ 220.000,1 baño,Piso,https://www.indomio.es/anuncios/95736249/,A Coruña,Venta,,2
"Piso de tres habitaciones nuevo, Os Castros-Castrillón-Monelos, A Coruña",148 m²,€ 457.500,2 baños,Piso,https://www.indomio.es/anuncios/95984197/,A Coruña,Venta,,5
"Piso de cuatro habitaciones Alcalde Marchesi, Catro Camiños-A Gaiteira, A Coruña",132 m²,€ 320.000,2 baños,Piso,https://www.indomio.es/anuncios/95618611/,A Coruña,Venta,BRIGANTIA REAL ESTATE,6
"Chalet 4 habitaciones, A Coruña",442 m²,€ 150.000,3 baños,Chalet,https://www.indomio.es/anuncios/85070791/,A Coruña,Venta,Grupo Beiramar,7
"Chalet Lugar Feans, Mesoiro-Feáns-Zapateira, A Coruña",140 m²,€ 78.000,1 baño,Chalet,https://www.indomio.es/anuncios/95508905/,A Coruña,Venta,,3
"Piso de cuatro habitaciones buen estado, tercera planta, Monte Alto-Adormideras, A Coruña",125 m²,€ 290.000,2 baños,Piso ,https://www.indomio.es/anuncios/94515257/,A Coruña,Venta,,7
"Piso de una habitación 52 m², A Coruña",52 m²,€ 29.000,1 baño,Piso,https://www.indomio.es/anuncios/95842851/,A Coruña,Venta,Inmobiliaria Callao,2
"Piso de cuatro habitaciones Ronda de Outeiro, Agra do Orzán-O Ventorillo, A Coruña",94 m²,€ 185.000,1 baño,Piso,https://www.indomio.es/anuncios/95145961/,A Coruña,Venta,INMOTK,5
"Piso de una habitación nuevo, Os Castros-Castrillón-Monelos, A Coruña",81 m²,€ 222.000,1 baño,Piso,https://www.indomio.es/anuncios/94829993/,A Coruña,Venta,,2
"Piso de tres habitaciones Montserrat, Eirís-As Xubias-Pasaxe, A Coruña",90 m²,€ 179.000,2 baños,Piso,https://www.indomio.es/anuncios/94718571/,A Coruña,Venta,,5
"Piso de dos habitaciones Os Mallos, Os Mallos-A Falperra, A Coruña",84 m²,€ 135.000,desc,Piso,https://www.indomio.es/anuncios/95644571/,A Coruña,Venta,Centro Inmobiliaria A Coruña,2
"Piso de dos habitaciones Luis Peña Novo, Elviña-Barrio Flores-Matogrande-Someso, A Coruña",91 m²,€ 172.000,2 baños,Piso,https://www.indomio.es/anuncios/95278885/,A Coruña,Venta,,4
"Piso Rúa Sinfónica De Galicia, Ensanche, A Coruña",280 m²,€ 850.000,3+ baños,Piso,https://www.indomio.es/anuncios/95605145/,A Coruña,Venta,Fogar servicios inmobiliarios,7
"Piso de cuatro habitaciones Calle Concepción Arenal, Catro Camiños-A Gaiteira, A Coruña",114 m²,€ 295.000,2 baños,Piso,https://www.indomio.es/anuncios/95873339/,A Coruña,Venta,Fincas 4 C,6
"Piso de tres habitaciones Rúa Marcial Del Adalid, Ensanche, A Coruña",160 m²,€ 620.000,2 baños,Piso,https://www.indomio.es/anuncios/95605023/,A Coruña,Venta,Fogar servicios inmobiliarios,5
"Piso 11, Ensanche, A Coruña",187 m²,€ 650.000,3 baños,Piso,https://www.indomio.es/anuncios/95360063/,A Coruña,Venta,A&C Inmobiliaria,8
"Chalet San Jaime, Sagrada Familia-Vioño, A Coruña",95 m²,€ 280.000,desc,Chalet,https://www.indomio.es/anuncios/95605105/,A Coruña,Venta,Fogar servicios inmobiliarios,4
"Piso de tres habitaciones segunda planta, Catro Camiños-A Gaiteira, A Coruña",95 m²,€ 310.000,2 baños,Piso,https://www.indomio.es/anuncios/94759447/,A Coruña,Venta,Urbeko Inmobiliaria,5
"Piso Linares Rivas, Ensanche, A Coruña",237 m²,€ 530.000,1 baño,Piso,https://www.indomio.es/anuncios/95985985/,A Coruña,Venta,,6
"Casa rústica, a reformar, A Coruña",desc,€ 420.000,desc,Casa rústica,https://www.indomio.es/anuncios/95501585/,A Coruña,Venta,Expertia  Inmobiliaria,0
"Piso de cuatro habitaciones Rúa Barcelona, Agra do Orzán-O Ventorillo, A Coruña",110 m²,€ 275.000,2 baños,Piso,https://www.indomio.es/anuncios/87260095/,A Coruña,Venta,INMOTK,6
"Chalet Calle Do Carrizo, Mesoiro-Feáns-Zapateira, A Coruña",390 m²,€ 650.000,3+ baños,Chalet,https://www.indomio.es/anuncios/94665573/,A Coruña,Venta,Proyectos Integrales Norte SL,7
"Piso de cuatro habitaciones Someso - Matogrande, Elviña-Barrio Flores-Matogrande-Someso, A Coruña",105 m²,€ 118.000,2 baños,Piso,https://www.indomio.es/anuncios/94971973/,A Coruña,Venta,Inmobiliaria Los Puentes,6
"Piso de cuatro habitaciones buen estado, Ensanche, A Coruña",203 m²,€ 595.000,3+ baños,Piso ,https://www.indomio.es/anuncios/94164879/,A Coruña,Venta,INMOBILIARIA CENTRO,5
"Piso de dos habitaciones Avenida Dos Mallos, Os Mallos-A Falperra, A Coruña",66 m²,€ 205.000,2 baños,Piso,https://www.indomio.es/anuncios/95605127/,A Coruña,Venta,Fogar servicios inmobiliarios,4
"Piso de tres habitaciones San Vicente de Paul, Monte Alto-Adormideras, A Coruña",117 m²,€ 389.000,2 baños,Piso,https://www.indomio.es/anuncios/95916327/,A Coruña,Venta,Inmoforum,5
"Casa unifamiliar 4 habitaciones, a reformar, A Coruña",170 m²,€ 149.990,1 baño,Casa unifamiliar,https://www.indomio.es/anuncios/95982239/,A Coruña,Venta,Inmobiliaria Pardo,5
"Piso de dos habitaciones buen estado, Os Castros-Castrillón-Monelos, A Coruña",105 m²,€ 215.000,2 baños,Piso ,https://www.indomio.es/anuncios/95342393/,A Coruña,Venta,INMOBILIARIA CENTRO,4
"Piso de cuatro habitaciones Avenida Del Ejercito, 8, Catro Camiños-A Gaiteira, A Coruña",140 m²,€ 300.000,2 baños,Piso,https://www.indomio.es/anuncios/94946979/,A Coruña,Venta,Proyectos Integrales Norte SL,6
"Piso de dos habitaciones buen estado, Monte Alto-Adormideras, A Coruña",70 m²,€ 315.000,2 baños,Piso,https://www.indomio.es/anuncios/93002619/,A Coruña,Venta,,4
"Piso de dos habitaciones Calle Carlos Martínez Barbeito Moras, 6, Elviña-Barrio Flores-Matogrande-Someso, A Coruña",95 m²,€ 240.000,2 baños,Piso,https://www.indomio.es/anuncios/95741571/,A Coruña,Venta,PISO 123.COM,4
"Piso de una habitación Calle Nova, 18, Cidade Vella-Atochas-Pescadería, A Coruña",80 m²,€ 145.000,desc,Piso,https://www.indomio.es/anuncios/95576385/,A Coruña,Venta,Medusa Properties,1
"Piso Maestro Mateo, Ensanche, A Coruña",144 m²,€ 410.000,2 baños,Piso,https://www.indomio.es/anuncios/95838873/,A Coruña,Venta,Inmoforum,7
"Piso de tres habitaciones Entrepeñas, Agra do Orzán-O Ventorillo, A Coruña",73 m²,€ 165.000,2 baños,Piso,https://www.indomio.es/anuncios/95916383/,A Coruña,Venta,Oppidum Real Estate Services,5
"Piso de dos habitaciones Avenida Dos Mallos, Os Mallos-A Falperra, A Coruña",92 m²,€ 180.000,2 baños,Piso,https://www.indomio.es/anuncios/95858453/,A Coruña,Venta,Asinmo Asesoria - Inmobiliaria,4
"Piso de una habitación oza, Os Castros-Castrillón-Monelos, A Coruña",44 m²,€ 146.000,1 baño,Piso,https://www.indomio.es/anuncios/95945411/,A Coruña,Venta,Otero Ramos,2
"Piso de dos habitaciones octava planta, Cidade Xardín-Cidade Escolar, A Coruña",60 m²,€ 295.000,1 baño,Piso,https://www.indomio.es/anuncios/95353893/,A Coruña,Venta,Urbeko Inmobiliaria,3
"Piso de una habitación Cmno De La Iglesia, Os Castros-Castrillón-Monelos, A Coruña",68 m²,€ 46.980,1 baño,Piso,https://www.indomio.es/anuncios/94604667/,A Coruña,Venta,Aliseda Inmobiliaria,2
"Piso de dos habitaciones Emilio González López, Labañou-Os Rosales, A Coruña",82 m²,€ 240.000,1 baño,Piso,https://www.indomio.es/anuncios/95787107/,A Coruña,Venta,,3
"Chalet San Cristóbal das Viñas, Elviña-Barrio Flores-Matogrande-Someso, A Coruña",202 m²,€ 310.000,2 baños,Chalet,https://www.indomio.es/anuncios/94892575/,A Coruña,Venta,,5
"Piso de tres habitaciones Agra Del Orzán - Ventorrillo, Agra do Orzán-O Ventorillo, A Coruña",87 m²,€ 180.000,2 baños,Piso,https://www.indomio.es/anuncios/95819163/,A Coruña,Venta,Centro Inmobiliaria A Coruña,5
"Piso de tres habitaciones 128 m², Eirís-As Xubias-Pasaxe, A Coruña",128 m² ,€ 299.900,2 baños,Piso,https://www.indomio.es/anuncios/95738409/,A Coruña,Venta,BRIGANTIA REAL ESTATE,5
"Piso de dos habitaciones planta baja, Catro Camiños-A Gaiteira, A Coruña",85 m²,€ 125.000,desc,Piso,https://www.indomio.es/anuncios/95929267/,A Coruña,Venta,CGA Gestion Inmobiliaria,2
"Piso de cuatro habitaciones del Ejército, Catro Camiños-A Gaiteira, A Coruña",129 m²,€ 300.000,2 baños,Piso,https://www.indomio.es/anuncios/92887549/,A Coruña,Venta,Inmoforum,6
"Casa unifamiliar 3 habitaciones, buen estado, Sagrada Familia-Vioño, A Coruña",210 m²,€ 770.000,3 baños,Casa unifamiliar ,https://www.indomio.es/anuncios/93256935/,A Coruña,Venta,INMOBILIARIA CENTRO,6
"Piso de tres habitaciones Agra Del Orzán - Ventorrillo, Agra do Orzán-O Ventorillo, A Coruña",85 m²,€ 132.000,desc,Piso,https://www.indomio.es/anuncios/95463347/,A Coruña,Venta,Fincas 4 C,3
"Piso de tres habitaciones quinta planta, Labañou-Os Rosales, A Coruña",86 m²,€ 310.000,2 baños,Piso,https://www.indomio.es/anuncios/95497309/,A Coruña,Venta,Urbeko Inmobiliaria,5
"Piso de tres habitaciones José Pascual López Cortón, Elviña-Barrio Flores-Matogrande-Someso, A Coruña",91 m²,€ 280.000,2 baños,Piso,https://www.indomio.es/anuncios/95039219/,A Coruña,Venta,Inmoforum,5
"Piso de dos habitaciones José Pascual López-Cortón, Elviña-Barrio Flores-Matogrande-Someso, A Coruña",110 m²,€ 230.000,2 baños,Piso,https://www.indomio.es/anuncios/95794481/,A Coruña,Venta,,4
"Piso de cuatro habitaciones Outeiro, Agra do Orzán-O Ventorillo, A Coruña",92 m²,€ 156.000,1 baño,Piso,https://www.indomio.es/anuncios/94636423/,A Coruña,Venta,Inmoforum,5
"Piso de tres habitaciones Lugar Someso, Elviña-Barrio Flores-Matogrande-Someso, A Coruña",106 m²,€ 121.900,desc,Piso,https://www.indomio.es/anuncios/94811257/,A Coruña,Venta,ALTERNATIVA FINANCIERA,3
"Piso de tres habitaciones Rey Abdullah, Ensanche, A Coruña",121 m²,€ 320.000,2 baños,Piso,https://www.indomio.es/anuncios/95811357/,A Coruña,Venta,,5
"Piso de una habitación Plaza Padre José Rubinos, Os Mallos-A Falperra, A Coruña",75 m²,€ 100.000,desc,Piso,https://www.indomio.es/anuncios/95858445/,A Coruña,Venta,Asinmo Asesoria - Inmobiliaria,1
"Piso de dos habitaciones Calle Juan Montes, Os Castros-Castrillón-Monelos, A Coruña",58 m²,€ 115.000,desc,Piso,https://www.indomio.es/anuncios/95369809/,A Coruña,Venta,ALTERNATIVA FINANCIERA,2
"Piso de una habitación Rúa Juan Díaz Porlier, Elviña-Barrio Flores-Matogrande-Someso, A Coruña",57 m²,€ 185.000,1 baño,Piso,https://www.indomio.es/anuncios/95332133/,A Coruña,Venta,Housell,2
"Piso de tres habitaciones Avenida Ferrocarril, 12, Elviña-Barrio Flores-Matogrande-Someso, A Coruña",102 m²,€ 260.000,2 baños,Piso,https://www.indomio.es/anuncios/95741575/,A Coruña,Venta,PISO 123.COM,5
"Piso de cuatro habitaciones Arquitecto Rey Pedreira, Cidade Xardín-Cidade Escolar, A Coruña",115 m²,€ 330.000,2 baños,Piso,https://www.indomio.es/anuncios/95229637/,A Coruña,Venta,,6
"Piso de tres habitaciones caballeros, Catro Camiños-A Gaiteira, A Coruña",130 m²,€ 395.000,2 baños,Piso,https://www.indomio.es/anuncios/86174171/,A Coruña,Venta,Inmoforum,5
"Piso de cuatro habitaciones Avenida De Finisterre, Agra do Orzán-O Ventorillo, A Coruña",140 m²,€ 195.000,3 baños,Piso,https://www.indomio.es/anuncios/95604913/,A Coruña,Venta,Fogar servicios inmobiliarios,7
"Casa unifamiliar 3 habitaciones, a reformar, A Coruña",110 m²,€ 1,1 baño,Casa unifamiliar,https://www.indomio.es/anuncios/95034589/,A Coruña,Venta,Expertia  Inmobiliaria,4
"Piso de tres habitaciones muy buen estado, A Coruña",124 m²,€ 160.000,2 baños,Piso,https://www.indomio.es/anuncios/95749215/,A Coruña,Venta,Grupo Beiramar,5
Edificio en Venta,478 m²,€ 3.000.000,desc,Edificio,https://www.indomio.es/anuncios/93256945/,A Coruña,Venta,INMOBILIARIA CENTRO,0
Edificio en Venta,932 m²,€ 2.300.000,desc,Edificio,https://www.indomio.es/anuncios/95633697/,A Coruña,Venta,Access Home Real Estate El Masnou,0
"Piso de dos habitaciones muy buen estado, Agra do Orzán-O Ventorillo, A Coruña",65 m² ,€ 149.000,1 baño,Piso,https://www.indomio.es/anuncios/92628177/,A Coruña,Venta,Topbrokers,3
"Chalet Rúa Río Traba, Os Mallos-A Falperra, A Coruña",337 m²,€ 899.000,3+ baños,Chalet,https://www.indomio.es/anuncios/95604999/,A Coruña,Venta,Fogar servicios inmobiliarios,6
"Chalet 5 habitaciones, A Coruña",450 m²,€ 450.000,3+ baños,Chalet,https://www.indomio.es/anuncios/93665351/,A Coruña,Venta,Housefulness,6
Edificio en Venta,desc,€ 54.600,desc,Edificio,https://www.indomio.es/anuncios/93065157/,A Coruña,Venta,Inmobiliaria Pardo,0
"Ático nuevo, 137 m², Os Castros-Castrillón-Monelos, A Coruña",137 m²,€ 515.500,2 baños,Ático,https://www.indomio.es/anuncios/95984211/,A Coruña,Venta,,5
"Chalet Lugar de Loureiro, Labañou-Os Rosales, A Coruña",209 m²,€ 192.000,1 baño,Chalet,https://www.indomio.es/anuncios/95316243/,A Coruña,Venta,,3
"Piso de tres habitaciones Pascual Veiga, Agra do Orzán-O Ventorillo, A Coruña",95 m²,,desc,Piso,https://www.indomio.es/anuncios/95010455/,A Coruña,Venta,Inmobiliaria Los Puentes,3
"Ático Calle Ferrol, Agra do Orzán-O Ventorillo, A Coruña",85 m²,€ 120.000,2 baños,Ático,https://www.indomio.es/anuncios/95010163/,A Coruña,Venta,Proyectos Integrales Norte SL,5
"Chalet 6 habitaciones, A Coruña",380 m²,€ 465.000,3+ baños,Chalet,https://www.indomio.es/anuncios/95336021/,A Coruña,Venta,Housefulness,7
"Dúplex Emilio González López, Labañou-Os Rosales, A Coruña",120 m²,€ 285.000,3 baños,Dúplex,https://www.indomio.es/anuncios/95445051/,A Coruña,Venta,,6
"Piso de tres habitaciones San Vicente, Os Mallos-A Falperra, A Coruña",78 m²,€ 142.500,desc,Piso,https://www.indomio.es/anuncios/95823099/,A Coruña,Venta,Antares Inmobiliaria,3
"Piso de dos habitaciones Agra Del Orzán - Ventorrillo, Agra do Orzán-O Ventorillo, A Coruña",90 m²,€ 140.000,desc,Piso,https://www.indomio.es/anuncios/95373921/,A Coruña,Venta,Inmobiliaria Los Puentes,2
"Chalet Plaza Santa Gema, Eirís-As Xubias-Pasaxe, A Coruña",270 m²,€ 269.000,2 baños,Chalet,https://www.indomio.es/anuncios/95668293/,A Coruña,Venta,Atico Servicios Inmobiliarios,7
"Piso de dos habitaciones Coronel Calaza 21, Monte Alto-Adormideras, A Coruña",75 m²,€ 139.000,desc,Piso,https://www.indomio.es/anuncios/95823097/,A Coruña,Venta,Antares Inmobiliaria,2
"Piso de tres habitaciones Ejército, Os Castros-Castrillón-Monelos, A Coruña",157 m²,€ 349.000,2 baños,Piso,https://www.indomio.es/anuncios/95746807/,A Coruña,Venta,,5
"Piso de una habitación buen estado, Agra do Orzán-O Ventorillo, A Coruña",61 m²,€ 142.500,desc,Piso ,https://www.indomio.es/anuncios/95591143/,A Coruña,Venta,INMOBILIARIA CENTRO,1
"Casa unifamiliar Calle Da Fraga, Mesoiro-Feáns-Zapateira, A Coruña",148 m²,€ 85.000,2 baños,Casa unifamiliar,https://www.indomio.es/anuncios/95917829/,A Coruña,Venta,Asinmo Asesoria - Inmobiliaria,5
"Piso de tres habitaciones buen estado, cuarta planta, Ensanche, A Coruña",130 m²,€ 425.000,2 baños,Piso,https://www.indomio.es/anuncios/95320047/,A Coruña,Venta,INMOTK,5
"Piso de tres habitaciones sexta planta, Cidade Vella-Atochas-Pescadería, A Coruña",173 m²,€ 820.000,2 baños,Piso,https://www.indomio.es/anuncios/95265751/,A Coruña,Venta,BRIGANTIA REAL ESTATE,5
"Piso de dos habitaciones Rúa Agra da Bragua, Agra do Orzán-O Ventorillo, A Coruña",97 m²,€ 135.000,1 baño,Piso,https://www.indomio.es/anuncios/95584045/,A Coruña,Venta,Pisos Coruña,3
"Piso de dos habitaciones quinta planta, Eirís-As Xubias-Pasaxe, A Coruña",70 m²,€ 259.000,2 baños,Piso,https://www.indomio.es/anuncios/95444187/,A Coruña,Venta,Urbeko Inmobiliaria,4
"Piso de cuatro habitaciones buen estado, Mesoiro-Feáns-Zapateira, A Coruña",123 m²,€ 210.000,2 baños,Piso ,https://www.indomio.es/anuncios/95336393/,A Coruña,Venta,Inmobiliaria Solis,6
"Piso de cuatro habitaciones a reformar, A Coruña",103 m²,€ 129.000,2 baños,Piso,https://www.indomio.es/anuncios/95501097/,A Coruña,Venta,Inmobiliaria Pardo,6
"Piso de tres habitaciones Avenida Ferrocarril, 12, Elviña-Barrio Flores-Matogrande-Someso, A Coruña",102 m²,€ 260.000,2 baños,Piso,https://www.indomio.es/anuncios/95741573/,A Coruña,Venta,PISO 123.COM,5
"Chalet Calle Río Allones, Sagrada Familia-Vioño, A Coruña",68 m²,€ 265.000,desc,Chalet,https://www.indomio.es/anuncios/94971991/,A Coruña,Venta,Inmobiliaria Los Puentes,2
"Piso de dos habitaciones Calle Riego De Agua, Cidade Vella-Atochas-Pescadería, A Coruña",96 m²,€ 603.000,2 baños,Piso,https://www.indomio.es/anuncios/90436997/,A Coruña,Venta,Aliseda Inmobiliaria,4
"Chalet 5 habitaciones, muy buen estado, A Coruña",351 m²,,3+ baños,Chalet,https://www.indomio.es/anuncios/95188391/,A Coruña,Venta,Housefulness,6
"Dúplex José Pascual López-Cortón, Elviña-Barrio Flores-Matogrande-Someso, A Coruña",200 m²,€ 490.000,3 baños,Dúplex,https://www.indomio.es/anuncios/95875469/,A Coruña,Venta,,7
"Piso de tres habitaciones sexta planta, Cidade Vella-Atochas-Pescadería, A Coruña",173 m²,€ 820.000,2 baños,Piso,https://www.indomio.es/anuncios/95265753/,A Coruña,Venta,BRIGANTIA REAL ESTATE,5
"Piso de cuatro habitaciones Plaza de los Cuatro Caminos, Catro Camiños-A Gaiteira, A Coruña",142 m²,€ 360.000,2 baños,Piso,https://www.indomio.es/anuncios/91129533/,A Coruña,Venta,Inmoforum,6
"Piso de dos habitaciones Calle Touro, Monte Alto-Adormideras, A Coruña",55 m²,€ 180.000,1 baño,Piso,https://www.indomio.es/anuncios/94753555/,A Coruña,Venta,Exp España,3
"Piso de dos habitaciones estrecha de san andres 9, Cidade Vella-Atochas-Pescadería, A Coruña",109 m²,€ 407.000,2 baños,Piso,https://www.indomio.es/anuncios/95434853/,A Coruña,Venta,LOSADA&CO,4
"Piso de dos habitaciones Estrecha San Andrés 9, Cidade Vella-Atochas-Pescadería, A Coruña",99 m²,€ 397.000,2 baños,Piso,https://www.indomio.es/anuncios/94504969/,A Coruña,Venta,LOSADA&CO,4
"Piso de dos habitaciones Rúa José Careaga, Cidade Xardín-Cidade Escolar, A Coruña",81 m²,€ 245.000,2 baños,Piso,https://www.indomio.es/anuncios/95605175/,A Coruña,Venta,Fogar servicios inmobiliarios,4
"Chalet Oporto, Mesoiro-Feáns-Zapateira, A Coruña",272 m²,€ 399.000,3 baños,Chalet,https://www.indomio.es/anuncios/95955579/,A Coruña,Venta,,6
"Ático nuevo, 116 m², Os Castros-Castrillón-Monelos, A Coruña",116 m²,€ 495.500,2 baños,Ático,https://www.indomio.es/anuncios/94829997/,A Coruña,Venta,,4
"Piso de dos habitaciones Alfonso Ix 2, Cidade Vella-Atochas-Pescadería, A Coruña",92 m²,€ 260.000,1 baño,Piso,https://www.indomio.es/anuncios/94966329/,A Coruña,Venta,Versalles Servicios Inmobiliarios,3
"Piso de una habitación cuarta planta, Monte Alto-Adormideras, A Coruña",60 m²,€ 167.000,1 baño,Piso,https://www.indomio.es/anuncios/95588387/,A Coruña,Venta,Exp España,2
"Piso de cuatro habitaciones Rúa Santa Lucía 1, Catro Camiños-A Gaiteira, A Coruña",102 m²,€ 350.000,2 baños,Piso ,https://www.indomio.es/anuncios/95569301/,A Coruña,Venta,Asesoría Díaz,7
"Piso de tres habitaciones Linares Rivas, Ensanche, A Coruña",210 m²,€ 760.000,3+ baños,Piso,https://www.indomio.es/anuncios/94504933/,A Coruña,Venta,LOSADA&CO,4
"Piso de cuatro habitaciones Alcalde Abad Conde, Labañou-Os Rosales, A Coruña",113 m²,€ 328.000,2 baños,Piso,https://www.indomio.es/anuncios/95800835/,A Coruña,Venta,,6
"Piso de tres habitaciones Ramón de la Sagra, Ensanche, A Coruña",124 m²,€ 480.000,2 baños,Piso,https://www.indomio.es/anuncios/95949889/,A Coruña,Venta,,5
"Piso de tres habitaciones San Isidoro, Sagrada Familia-Vioño, A Coruña",61 m²,€ 135.000,1 baño,Piso,https://www.indomio.es/anuncios/95467643/,A Coruña,Venta,,4
"Piso de cuatro habitaciones San Andres, Cidade Vella-Atochas-Pescadería, A Coruña",130 m²,€ 335.000,2 baños,Piso,https://www.indomio.es/anuncios/92524039/,A Coruña,Venta,Inmoforum,6
"Piso de tres habitaciones nuevo, Cidade Xardín-Cidade Escolar, A Coruña",128 m²,€ 481.000,2 baños,Piso,https://www.indomio.es/anuncios/95984209/,A Coruña,Venta,,5
"Ático Ferrol, Agra do Orzán-O Ventorillo, A Coruña",85 m²,€ 120.000,2 baños,Ático,https://www.indomio.es/anuncios/95204185/,A Coruña,Venta,,5
"Casa unifamiliar fontans de feans 3, Mesoiro-Feáns-Zapateira, A Coruña",591 m² ,€ 850.000,3+ baños,Casa unifamiliar,https://www.indomio.es/anuncios/95970015/,A Coruña,Venta,Versalles Servicios Inmobiliarios,7
Edificio en Venta,1.170 m²,€ 2.927.900,3+ baños,Edificio,https://www.indomio.es/anuncios/95445681/,A Coruña,Venta,Aliseda Inmobiliaria,2
"Buhardilla buen estado, 95 m², Elviña-Barrio Flores-Matogrande-Someso, A Coruña",95 m²,€ 210.000,2 baños,Buhardilla ,https://www.indomio.es/anuncios/95060609/,A Coruña,Venta,INMOBILIARIA CENTRO,4
"Piso de dos habitaciones nuevo, Cidade Xardín-Cidade Escolar, A Coruña",103 m²,€ 357.000,2 baños,Piso,https://www.indomio.es/anuncios/95984207/,A Coruña,Venta,,4
"Chalet 6 habitaciones, nueva, A Coruña",450 m²,€ 675.000,3+ baños,Chalet,https://www.indomio.es/anuncios/95840281/,A Coruña,Venta,Gestinur,7
Edificio en Venta,325 m²,€ 650.000,desc,Edificio,https://www.indomio.es/anuncios/95604677/,A Coruña,Venta,Fogar servicios inmobiliarios,0
"Ático Federico Tapia, Ensanche, A Coruña",160 m²,€ 525.000,2 baños,Ático,https://www.indomio.es/anuncios/95514859/,A Coruña,Venta,,5
"Piso de una habitación Calle Juan Díaz Porlier, Elviña-Barrio Flores-Matogrande-Someso, A Coruña",65 m²,€ 160.000,1 baño,Piso,https://www.indomio.es/anuncios/94195431/,A Coruña,Venta,Inmoforum,2
Edificio en Venta,250 m²,€ 399.000,desc,Edificio,https://www.indomio.es/anuncios/94285733/,A Coruña,Venta,,0
"Piso de tres habitaciones muy buen estado, A Coruña",78 m²,€ 155.000,1 baño,Piso,https://www.indomio.es/anuncios/95805651/,A Coruña,Venta,Gestinur,4
"Piso de tres habitaciones San Nicolás, Cidade Vella-Atochas-Pescadería, A Coruña",147 m²,€ 450.000,2 baños,Piso,https://www.indomio.es/anuncios/93633249/,A Coruña,Venta,Inmoforum,5
"Piso de dos habitaciones tercera planta, Os Mallos-A Falperra, A Coruña",64 m²,€ 173.000,1 baño,Piso,https://www.indomio.es/anuncios/95835379/,A Coruña,Venta,Urbeko Inmobiliaria,3
"Chalet Eirís, Eirís-As Xubias-Pasaxe, A Coruña",147 m²,€ 168.000,2 baños,Chalet,https://www.indomio.es/anuncios/95885657/,A Coruña,Venta,,5
"Piso de tres habitaciones puga y parga, Catro Camiños-A Gaiteira, A Coruña",113 m²,€ 440.000,2 baños,Piso,https://www.indomio.es/anuncios/94285665/,A Coruña,Venta,,5
"Piso de tres habitaciones Someso, Elviña-Barrio Flores-Matogrande-Someso, A Coruña",82 m²,€ 121.900,1 baño,Piso,https://www.indomio.es/anuncios/95855243/,A Coruña,Venta,Oppidum Real Estate Services,4
"Piso de cuatro habitaciones Rúa Oslo, Mesoiro-Feáns-Zapateira, A Coruña",179 m²,€ 300.000,2 baños,Piso,https://www.indomio.es/anuncios/94725973/,A Coruña,Venta,Pisos Coruña,6
"Piso de dos habitaciones buen estado, Agra do Orzán-O Ventorillo, A Coruña",121 m²,€ 259.100,2 baños,Piso ,https://www.indomio.es/anuncios/95591123/,A Coruña,Venta,INMOBILIARIA CENTRO,4
"Dúplex Fariña Ferreño, Os Castros-Castrillón-Monelos, A Coruña",109 m²,€ 190.000,2 baños,Dúplex,https://www.indomio.es/anuncios/95746803/,A Coruña,Venta,,4
"Piso de tres habitaciones 80 m², A Coruña",80 m²,€ 145.000,2 baños,Piso,https://www.indomio.es/anuncios/95882133/,A Coruña,Venta,Expertia  Inmobiliaria,5
"Piso de tres habitaciones Caballeros, Catro Camiños-A Gaiteira, A Coruña",130 m²,€ 395.000,2 baños,Piso,https://www.indomio.es/anuncios/95509499/,A Coruña,Venta,Inmoforum,5
"Ático Avenida da Concordia, Os Castros-Castrillón-Monelos, A Coruña",145 m²,€ 249.000,2 baños,Ático,https://www.indomio.es/anuncios/95138661/,A Coruña,Venta,Inmoarch,5
"Piso de cuatro habitaciones Avenida Linares Rivas, Ensanche, A Coruña",192 m²,€ 600.000,2 baños,Piso,https://www.indomio.es/anuncios/93493315/,A Coruña,Venta,Asesoría Díaz,6
"Piso de dos habitaciones Avenida De Arteixo, Sagrada Familia-Vioño, A Coruña",78 m²,€ 220.000,2 baños,Piso,https://www.indomio.es/anuncios/95858461/,A Coruña,Venta,Asinmo Asesoria - Inmobiliaria,4
"Piso quinta planta, Cidade Xardín-Cidade Escolar, A Coruña",235 m²,€ 1.130.000,3 baños,Piso,https://www.indomio.es/anuncios/94049649/,A Coruña,Venta,Urbeko Inmobiliaria,10
"Chalet Carretera Mesoiro, 79, Mesoiro-Feáns-Zapateira, A Coruña",136 m²,€ 125.000,2 baños,Chalet,https://www.indomio.es/anuncios/94972007/,A Coruña,Venta,Inmobiliaria Los Puentes,6
"Chalet Lugar Lamadosa, Eirís-As Xubias-Pasaxe, A Coruña",85 m²,€ 120.000,1 baño,Chalet,https://www.indomio.es/anuncios/95943339/,A Coruña,Venta,,3
"Piso de tres habitaciones Ramón María Aller, Agra do Orzán-O Ventorillo, A Coruña",83 m²,€ 215.000,2 baños,Piso,https://www.indomio.es/anuncios/94999903/,A Coruña,Venta,Housell,5
"Piso de tres habitaciones Gil Vicente, Agra do Orzán-O Ventorillo, A Coruña",111 m²,€ 215.000,2 baños,Piso,https://www.indomio.es/anuncios/94536799/,A Coruña,Venta,Inmoforum,5
"Piso de tres habitaciones Parque Europa, Catro Camiños-A Gaiteira, A Coruña",138 m²,€ 365.000,2 baños,Piso,https://www.indomio.es/anuncios/95045865/,A Coruña,Venta,Inmoforum,5
"Piso de tres habitaciones Avenida Del Ejército, Os Castros-Castrillón-Monelos, A Coruña",145 m²,€ 349.000,2 baños,Piso,https://www.indomio.es/anuncios/95814177/,A Coruña,Venta,Fogar servicios inmobiliarios,5
"Piso de una habitación Emilio González López, Labañou-Os Rosales, A Coruña",113 m²,€ 190.000,1 baño,Piso,https://www.indomio.es/anuncios/95746805/,A Coruña,Venta,,2
"Dúplex Rafael Dieste, Os Castros-Castrillón-Monelos, A Coruña",128 m²,€ 315.000,2 baños,Dúplex,https://www.indomio.es/anuncios/94286533/,A Coruña,Venta,,6
"Piso de cuatro habitaciones quinta planta, Cidade Vella-Atochas-Pescadería, A Coruña",195 m²,€ 880.000,2 baños,Piso,https://www.indomio.es/anuncios/95265757/,A Coruña,Venta,BRIGANTIA REAL ESTATE,6
"Chalet rio allones, Sagrada Familia-Vioño, A Coruña",70 m²,€ 265.000,1 baño,Chalet,https://www.indomio.es/anuncios/94285941/,A Coruña,Venta,,3
"Piso de tres habitaciones buen estado, Agra do Orzán-O Ventorillo, A Coruña",60 m² ,€ 120.000,1 baño,Piso,https://www.indomio.es/anuncios/92754227/,A Coruña,Venta,Topbrokers,4
"Piso de tres habitaciones Barrio Juan Flórez-San Pablo, Ensanche, A Coruña",120 m²,€ 450.000,2 baños,Piso,https://www.indomio.es/anuncios/95858463/,A Coruña,Venta,Asinmo Asesoria - Inmobiliaria,5
"Chalet Coruña Santiago, Eirís-As Xubias-Pasaxe, A Coruña",53 m²,€ 110.000,1 baño,Chalet,https://www.indomio.es/anuncios/95985967/,A Coruña,Venta,,3
"Piso de tres habitaciones Circunvalacion, Monte Alto-Adormideras, A Coruña",94 m²,€ 243.000,2 baños,Piso,https://www.indomio.es/anuncios/95389545/,A Coruña,Venta,Versalles Servicios Inmobiliarios,5
"Piso de cuatro habitaciones Calle Santa Lucia, Catro Camiños-A Gaiteira, A Coruña",113 m²,€ 350.000,2 baños,Piso,https://www.indomio.es/anuncios/95972471/,A Coruña,Venta,Asesoría Díaz,6
"Piso de tres habitaciones Pascual Veiga, Agra do Orzán-O Ventorillo, A Coruña",83 m²,€ 130.000,1 baño,Piso,https://www.indomio.es/anuncios/94966331/,A Coruña,Venta,Versalles Servicios Inmobiliarios,4
Edificio en Venta,500 m²,€ 750.000,desc,Edificio,https://www.indomio.es/anuncios/94286007/,A Coruña,Venta,,0
"Piso de dos habitaciones Rúa Gaiteira, 33, Catro Camiños-A Gaiteira, A Coruña",85 m²,€ 349.990,2 baños,Piso,https://www.indomio.es/anuncios/95605657/,A Coruña,Venta,Nove Representación Inmobiliaria,4
"Piso de tres habitaciones Sardiñeira, Os Mallos-A Falperra, A Coruña",98 m²,€ 198.000,2 baños,Piso,https://www.indomio.es/anuncios/95514863/,A Coruña,Venta,,5
"Piso de tres habitaciones Ines de Ben, Eirís-As Xubias-Pasaxe, A Coruña",123 m² ,€ 286.000,2 baños,Piso,https://www.indomio.es/anuncios/95738407/,A Coruña,Venta,BRIGANTIA REAL ESTATE,5
"Piso de tres habitaciones Rúa Antonio Pedreira Ríos, Agra do Orzán-O Ventorillo, A Coruña",90 m²,€ 180.000,2 baños,Piso,https://www.indomio.es/anuncios/95605159/,A Coruña,Venta,Fogar servicios inmobiliarios,5
"Piso de dos habitaciones buen estado, Cidade Xardín-Cidade Escolar, A Coruña",83 m²,€ 222.000,1 baño,Piso ,https://www.indomio.es/anuncios/93257155/,A Coruña,Venta,INMOBILIARIA CENTRO,3
"Piso de cuatro habitaciones quinta planta, Os Castros-Castrillón-Monelos, A Coruña",110 m²,€ 260.000,2 baños,Piso,https://www.indomio.es/anuncios/95949095/,A Coruña,Venta,Urbeko Inmobiliaria,6
"Piso de tres habitaciones muy buen estado, quinta planta, Catro Camiños-A Gaiteira, A Coruña",110 m²,€ 440.000,2 baños,Piso,https://www.indomio.es/anuncios/95668233/,A Coruña,Venta,Atico Servicios Inmobiliarios,5
"Casa unifamiliar Filantropia 40, Cidade Xardín-Cidade Escolar, A Coruña",239 m² ,€ 1.000.000,3 baños,Casa unifamiliar,https://www.indomio.es/anuncios/95710235/,A Coruña,Venta,Versalles Servicios Inmobiliarios,9
"Casa adosada Calle O Portalon, Mesoiro-Feáns-Zapateira, A Coruña",98 m²,€ 52.000,2 baños,Casa adosada,https://www.indomio.es/anuncios/95817951/,A Coruña,Venta,Proyectos Integrales Norte SL,5
"Piso de tres habitaciones 144 m², A Coruña",144 m²,Precio a consultar,3 baños,Piso,https://www.indomio.es/anuncios/95501581/,A Coruña,Venta,Inmobiliaria Pardo,6
"Casa unifamiliar 3 habitaciones, A Coruña",166 m²,€ 160.000,1 baño,Casa unifamiliar,https://www.indomio.es/anuncios/95943173/,A Coruña,Venta,Expertia  Inmobiliaria,4
"Chalet 9 habitaciones, buen estado, Cidade Xardín-Cidade Escolar, A Coruña",376 m²,€ 1.500.000,3+ baños,Chalet,https://www.indomio.es/anuncios/95668265/,A Coruña,Venta,Atico Servicios Inmobiliarios,10
"Piso de tres habitaciones Someso - Matogrande, Elviña-Barrio Flores-Matogrande-Someso, A Coruña",108 m²,€ 177.700,2 baños,Piso,https://www.indomio.es/anuncios/95868861/,A Coruña,Venta,Centro Inmobiliaria A Coruña,5
"Chalet 6 habitaciones, A Coruña",desc,€ 575.000,3+ baños,Chalet,https://www.indomio.es/anuncios/93199787/,A Coruña,Venta,Gestinur,7
"Piso arteixo, Ensanche, A Coruña",187 m²,€ 460.000,3 baños,Piso,https://www.indomio.es/anuncios/86185069/,A Coruña,Venta,Versalles Servicios Inmobiliarios,10
"Piso de tres habitaciones Regata Cutty Sark, Monte Alto-Adormideras, A Coruña",87 m²,€ 245.000,2 baños,Piso,https://www.indomio.es/anuncios/95829107/,A Coruña,Venta,Exp España,5
"Piso de cuatro habitaciones primera planta, Eirís-As Xubias-Pasaxe, A Coruña",116 m²,€ 380.000,2 baños,Piso,https://www.indomio.es/anuncios/95395493/,A Coruña,Venta,Urbeko Inmobiliaria,6
"Piso de cuatro habitaciones 105 m², A Coruña",105 m²,€ 89.000,2 baños,Piso,https://www.indomio.es/anuncios/95240853/,A Coruña,Venta,Inmobiliaria Pardo,6
"Buhardilla buen estado, 108 m², Elviña-Barrio Flores-Matogrande-Someso, A Coruña",108 m²,€ 177.700,2 baños,Buhardilla ,https://www.indomio.es/anuncios/95832987/,A Coruña,Venta,INMOBILIARIA CENTRO,5
"Ático almirante mourelle, Agra do Orzán-O Ventorillo, A Coruña",83 m²,€ 227.000,1 baño,Ático,https://www.indomio.es/anuncios/94289629/,A Coruña,Venta,,3
"Piso de cuatro habitaciones Federico Tapia, Ensanche, A Coruña",125 m²,€ 265.000,2 baños,Piso,https://www.indomio.es/anuncios/95604889/,A Coruña,Venta,Fogar servicios inmobiliarios,6
"Piso de cuatro habitaciones nuevo, Cidade Xardín-Cidade Escolar, A Coruña",172 m²,€ 640.000,2 baños,Piso,https://www.indomio.es/anuncios/95552661/,A Coruña,Venta,,6
"Piso de cuatro habitaciones Pascual Veiga, Agra do Orzán-O Ventorillo, A Coruña",98 m²,€ 130.000,desc,Piso,https://www.indomio.es/anuncios/94814397/,A Coruña,Venta,Proyectos Integrales Norte SL,4
"Piso de tres habitaciones Oza, Catro Camiños-A Gaiteira, A Coruña",131 m²,€ 290.000,2 baños,Piso,https://www.indomio.es/anuncios/95039221/,A Coruña,Venta,Inmoforum,5
"Casa unifamiliar Calle Dolores Rodríguez Sopeña, Sagrada Familia-Vioño, A Coruña",306 m²,€ 625.000,3+ baños,Casa unifamiliar,https://www.indomio.es/anuncios/95334391/,A Coruña,Venta,Medusa Properties,7
"Piso de tres habitaciones Calle Barcelona, Agra do Orzán-O Ventorillo, A Coruña",74 m²,€ 101.200,1 baño,Piso,https://www.indomio.es/anuncios/95445539/,A Coruña,Venta,Aliseda Inmobiliaria,4
"Ático nuevo, 157 m², Cidade Xardín-Cidade Escolar, A Coruña",157 m²,€ 1.021.000,2 baños,Ático,https://www.indomio.es/anuncios/95984205/,A Coruña,Venta,,5
"Piso de dos habitaciones buen estado, Labañou-Os Rosales, A Coruña",40 m²,€ 160.000,1 baño,Piso ,https://www.indomio.es/anuncios/95983455/,A Coruña,Venta,INMOBILIARIA CENTRO,3
"Piso de tres habitaciones Baldaio 7, Os Mallos-A Falperra, A Coruña",76 m²,€ 195.000,2 baños,Piso,https://www.indomio.es/anuncios/93750413/,A Coruña,Venta,BRIGANTIA REAL ESTATE,5
"Piso de tres habitaciones Baldaio 7, Os Mallos-A Falperra, A Coruña",76 m²,€ 199.000,2 baños,Piso,https://www.indomio.es/anuncios/93750415/,A Coruña,Venta,BRIGANTIA REAL ESTATE,5
"Piso de dos habitaciones Ronda de Outeiro, Agra do Orzán-O Ventorillo, A Coruña",60 m²,€ 100.000,1 baño,Piso,https://www.indomio.es/anuncios/94645737/,A Coruña,Venta,Inmoforum,3
"Piso de dos habitaciones Rúa Francisco Catoira 37, Os Mallos-A Falperra, A Coruña",90 m²,€ 171.000,2 baños,Piso ,https://www.indomio.es/anuncios/92294379/,A Coruña,Venta | Alquiler con opción a compra,,6
"Piso de dos habitaciones Galera, Cidade Vella-Atochas-Pescadería, A Coruña",85 m²,€ 345.000,1 baño,Piso,https://www.indomio.es/anuncios/95387643/,A Coruña,Venta,,3
"Piso de tres habitaciones Pascual Veiga, Agra do Orzán-O Ventorillo, A Coruña",89 m²,€ 130.000,1 baño,Piso,https://www.indomio.es/anuncios/94285969/,A Coruña,Venta,,4
"Piso de una habitación Avenida Fernández Latorre, 104, Catro Camiños-A Gaiteira, A Coruña",91 m²,€ 210.000,desc,Piso,https://www.indomio.es/anuncios/95668283/,A Coruña,Venta,Atico Servicios Inmobiliarios,1
"Piso de una habitación oza, Os Castros-Castrillón-Monelos, A Coruña",44 m²,€ 148.000,1 baño,Piso,https://www.indomio.es/anuncios/92430367/,A Coruña,Venta,Otero Ramos,2
"Chalet 3 habitaciones, A Coruña",177 m²,€ 385.000,2 baños,Chalet,https://www.indomio.es/anuncios/95298721/,A Coruña,Venta,Expertia  Inmobiliaria,5
"Casa adosada 2 habitaciones, Labañou-Os Rosales, A Coruña",197 m²,€ 210.000,1 baño,Casa adosada,https://www.indomio.es/anuncios/95856603/,A Coruña,Venta,Quantum Grupo Inmobiliario,3
"Piso de tres habitaciones nuevo, Sagrada Familia-Vioño, A Coruña",137 m²,€ 287.900,2 baños,Piso,https://www.indomio.es/anuncios/95992229/,A Coruña,Venta,,5
"Piso de cuatro habitaciones tercera planta, Agra do Orzán-O Ventorillo, A Coruña",127 m²,€ 275.000,2 baños,Piso,https://www.indomio.es/anuncios/91792085/,A Coruña,Venta,SC Inmobiliarias,6
"Piso de cuatro habitaciones Linares Rivas, Ensanche, A Coruña",234 m²,€ 1.500.000,3+ baños,Piso,https://www.indomio.es/anuncios/95763061/,A Coruña,Venta,Versalles Servicios Inmobiliarios,5
"Piso de tres habitaciones cuarta planta, Ensanche, A Coruña",203 m²,€ 590.000,3 baños,Piso,https://www.indomio.es/anuncios/91792107/,A Coruña,Venta,SC Inmobiliarias,6
"Piso de tres habitaciones Birloque, Elviña-Barrio Flores-Matogrande-Someso, A Coruña",65 m²,€ 130.000,1 baño,Piso,https://www.indomio.es/anuncios/95357777/,A Coruña,Venta,Housell,4
"Piso de cuatro habitaciones Villa de Negreira, Agra do Orzán-O Ventorillo, A Coruña",76 m²,€ 117.000,1 baño,Piso,https://www.indomio.es/anuncios/93633251/,A Coruña,Venta,Inmoforum,5
"Piso de tres habitaciones buen estado, Os Castros-Castrillón-Monelos, A Coruña",99 m²,€ 335.000,2 baños,Piso ,https://www.indomio.es/anuncios/95840769/,A Coruña,Venta,INMOBILIARIA CENTRO,5
"Piso de tres habitaciones Calle de Manuel Piñeiro Pose, Catro Camiños-A Gaiteira, A Coruña",121 m²,€ 350.000,2 baños,Piso,https://www.indomio.es/anuncios/95204791/,A Coruña,Venta,Inmoforum,5
"Piso de una habitación buen estado, Agra do Orzán-O Ventorillo, A Coruña",76 m²,€ 171.900,1 baño,Piso ,https://www.indomio.es/anuncios/95591135/,A Coruña,Venta,INMOBILIARIA CENTRO,2
"Piso de cuatro habitaciones Ronda De Outeiro, Sagrada Familia-Vioño, A Coruña",120 m²,€ 230.000,2 baños,Piso,https://www.indomio.es/anuncios/95029989/,A Coruña,Venta,Proyectos Integrales Norte SL,6
"Piso de una habitación Zapatería 11, Cidade Vella-Atochas-Pescadería, A Coruña",46 m²,€ 130.000,1 baño,Piso,https://www.indomio.es/anuncios/94799039/,A Coruña,Venta,BRIGANTIA REAL ESTATE,2
"Piso de una habitación 938 m², Eirís-As Xubias-Pasaxe, A Coruña",938 m²,€ 129.000,desc,Piso,https://www.indomio.es/anuncios/95957371/,A Coruña,Venta,Quantum Grupo Inmobiliario,1
"Piso de tres habitaciones segunda planta, Elviña-Barrio Flores-Matogrande-Someso, A Coruña",96 m²,€ 150.000,2 baños,Piso,https://www.indomio.es/anuncios/95793697/,A Coruña,Venta,Urbeko Inmobiliaria,5
"Piso de una habitación Sagrada Familia, Sagrada Familia-Vioño, A Coruña",28 m²,€ 50.000,desc,Piso,https://www.indomio.es/anuncios/94136029/,A Coruña,Venta,Centro Inmobiliaria A Coruña,1
"Piso de tres habitaciones Praza de Lugo, Ensanche, A Coruña",187 m²,€ 754.000,2 baños,Piso,https://www.indomio.es/anuncios/87805817/,A Coruña,Venta,Inmoarch,5
"Piso Real, Cidade Vella-Atochas-Pescadería, A Coruña",273 m²,€ 675.000,2 baños,Piso,https://www.indomio.es/anuncios/95899913/,A Coruña,Venta,,8
"Piso de dos habitaciones Barrio Falperra-Santa Lucía, Os Mallos-A Falperra, A Coruña",171 m²,€ 350.000,2 baños,Piso,https://www.indomio.es/anuncios/95965001/,A Coruña,Venta,Inmobiliaria Los Puentes,4
"Piso de dos habitaciones José Careaga, Cidade Xardín-Cidade Escolar, A Coruña",81 m²,€ 245.000,2 baños,Piso,https://www.indomio.es/anuncios/94285723/,A Coruña,Venta,,4
"Piso de dos habitaciones cuarta planta, Ensanche, A Coruña",99 m²,€ 225.000,1 baño,Piso,https://www.indomio.es/anuncios/95037299/,A Coruña,Venta,Urbeko Inmobiliaria,3
"Piso de tres habitaciones cuarta planta, Os Castros-Castrillón-Monelos, A Coruña",88 m²,€ 160.000,1 baño,Piso,https://www.indomio.es/anuncios/92981377/,A Coruña,Venta,Urbeko Inmobiliaria,4
"Piso de cuatro habitaciones Rúa Pascual Veiga, Agra do Orzán-O Ventorillo, A Coruña",98 m²,€ 150.000,1 baño,Piso,https://www.indomio.es/anuncios/93335427/,A Coruña,Venta,Hi Homie,5
"Piso de tres habitaciones Calle Antonio Pedreira Ríos, Agra do Orzán-O Ventorillo, A Coruña",93 m²,€ 179.900,2 baños,Piso,https://www.indomio.es/anuncios/95733769/,A Coruña,Venta,Proyectos Integrales Norte SL,5
"Chalet Rúa Dolores Ibarruri, Eirís-As Xubias-Pasaxe, A Coruña",400 m²,€ 975.000,3 baños,Chalet,https://www.indomio.es/anuncios/95605115/,A Coruña,Venta,Fogar servicios inmobiliarios,7
"Piso de tres habitaciones Calle Palomar, Ensanche, A Coruña",95 m²,€ 245.000,desc,Piso,https://www.indomio.es/anuncios/95964999/,A Coruña,Venta,Inmobiliaria Los Puentes,3
Edificio en Venta,422 m²,€ 618.000,desc,Edificio,https://www.indomio.es/anuncios/94285815/,A Coruña,Venta,,0
"Piso de tres habitaciones Rúa Neno Xesús, Sagrada Familia-Vioño, A Coruña",57 m²,€ 99.000,1 baño,Piso,https://www.indomio.es/anuncios/95086491/,A Coruña,Venta,INMOTK,4
"Piso de dos habitaciones primera planta, Elviña-Barrio Flores-Matogrande-Someso, A Coruña",80 m²,€ 270.000,1 baño,Piso,https://www.indomio.es/anuncios/95898971/,A Coruña,Venta,Urbeko Inmobiliaria,3
Edificio en Venta,249 m²,€ 630.000,desc,Edificio,https://www.indomio.es/anuncios/95923415/,A Coruña,Venta,Inmobiliaria Los Puentes,0
"Piso de tres habitaciones Agra De Bragua, Agra do Orzán-O Ventorillo, A Coruña",130 m²,€ 369.000,2 baños,Piso,https://www.indomio.es/anuncios/95850297/,A Coruña,Venta,Inmoforum,5
"Piso de tres habitaciones tercera planta, Os Mallos-A Falperra, A Coruña",87 m²,€ 240.000,1 baño,Piso,https://www.indomio.es/anuncios/95553527/,A Coruña,Venta,Urbeko Inmobiliaria,4
"Piso de tres habitaciones a reformar, A Coruña",157 m²,€ 142.500,2 baños,Piso,https://www.indomio.es/anuncios/93914657/,A Coruña,Venta,Grupo Beiramar,5
"Piso de tres habitaciones Barrio Juan Flórez-San Pablo, Ensanche, A Coruña",120 m²,€ 550.000,2 baños,Piso,https://www.indomio.es/anuncios/95858459/,A Coruña,Venta,Asinmo Asesoria - Inmobiliaria,5
"Piso de cuatro habitaciones Calle Federico Tapia, Ensanche, A Coruña",118 m²,€ 335.000,2 baños,Piso,https://www.indomio.es/anuncios/95858447/,A Coruña,Venta,Asinmo Asesoria - Inmobiliaria,6
"Casa unifamiliar 8 habitaciones, muy buen estado, A Coruña",298 m²,€ 250.000,2 baños,Casa unifamiliar,https://www.indomio.es/anuncios/94340771/,A Coruña,Venta,Gestión Inmobiliaria Artemisa,10
"Piso de dos habitaciones Calle Galera, Cidade Vella-Atochas-Pescadería, A Coruña",86 m²,€ 345.000,2 baños,Piso,https://www.indomio.es/anuncios/94972009/,A Coruña,Venta,Inmobiliaria Los Puentes,4
"Casa unifamiliar Venta, A Coruña",215 m²,€ 320.000,desc,Casa unifamiliar,https://www.indomio.es/anuncios/95939059/,A Coruña,Venta,Inmobiliaria Pardo,0
"Dúplex 118 m², A Coruña",118 m²,€ 113.525,3 baños,Dúplex,https://www.indomio.es/anuncios/94041419/,A Coruña,Venta,Inmobiliaria Pardo,7
"Piso de cuatro habitaciones Rúa Barcelona, Agra do Orzán-O Ventorillo, A Coruña",108 m²,€ 275.000,2 baños,Piso,https://www.indomio.es/anuncios/95668331/,A Coruña,Venta,Atico Servicios Inmobiliarios,6
Edificio en Venta,248 m²,€ 400.000,desc,Edificio,https://www.indomio.es/anuncios/90860215/,A Coruña,Venta,Blancocasa Inmobiliaria,0
"Piso de tres habitaciones Barcelona, Agra do Orzán-O Ventorillo, A Coruña",90 m²,€ 195.000,1 baño,Piso,https://www.indomio.es/anuncios/95209849/,A Coruña,Venta,,4
"Piso de dos habitaciones Rúa Pedro Galán Calvete, Monte Alto-Adormideras, A Coruña",94 m²,€ 250.000,1 baño,Piso,https://www.indomio.es/anuncios/95777745/,A Coruña,Venta,INMOTK,3
"Casa adosada Urb. Ciudad Jardín Barrio Ciudad Jardín, Ensanche, A Coruña",280 m²,€ 900.000,3 baños,Casa adosada,https://www.indomio.es/anuncios/95644583/,A Coruña,Venta,Inmobiliaria Los Puentes,8
"Piso de tres habitaciones Juan Flórez, Ensanche, A Coruña",138 m²,€ 300.000,2 baños,Piso,https://www.indomio.es/anuncios/95387649/,A Coruña,Venta,,5
"Piso de tres habitaciones Avenida Ejército, 44, Os Castros-Castrillón-Monelos, A Coruña",144 m²,€ 349.000,2 baños,Piso,https://www.indomio.es/anuncios/95769403/,A Coruña,Venta,Proyectos Integrales Norte SL,5
"Piso de una habitación buen estado, Cidade Vella-Atochas-Pescadería, A Coruña",80 m² ,€ 180.000,1 baño,Piso,https://www.indomio.es/anuncios/92626861/,A Coruña,Venta,Topbrokers,2
